[{"id":"2","par0":{"timeSaved":"Fri Oct 09 2015 22:59:38 GMT-0700 (PDT)","stringValue":"","webpage":"index-copy.html"},"par1":{"timeSaved":"Fri Oct 09 2015 22:59:38 GMT-0700 (PDT)","stringValue":"A Sollars Home\u2122 is \u201cmanufactured at your site\u201d.  We spend more time up front on blueprints and assembly drawings and this allows us to complete projects faster and at a higher level of quality.  Because we use the same \u201cmanufacturing flow\u201d for all projects, we are able to complete a large percentage of a Sollars Home\u2122 in house, thereby avoiding the markup charged by subcontractors to a traditional general contractor.  We can then pass these savings on to you!","webpage":"index-copy.html"},"par2":{"timeSaved":"Fri Oct 09 2015 22:59:38 GMT-0700 (PDT)","stringValue":"","webpage":"index-copy.html"},"par3":{"timeSaved":"Fri Oct 09 2015 22:59:38 GMT-0700 (PDT)","stringValue":" A Sollars Home\u2122 built from concrete using Multi-Flex Forming Technology fundamentally requires fewer steps than a wooden home and several of the remaining steps are simplified.  We simulate the construction process, which enables us to prefabricate many of the non-structural system pieces and incorporate them into the forming process, which slashes time when compared to having every piece of the home custom made on site. ","webpage":"index-copy.html"},"par4":{"timeSaved":"Fri Oct 09 2015 22:59:38 GMT-0700 (PDT)","stringValue":"","webpage":"index-copy.html"},"par5":{"timeSaved":"Fri Oct 09 2015 22:59:38 GMT-0700 (PDT)","stringValue":"A Sollars Home\u2122 delivers the kind of energy savings you would expect from an advanced technology. The thermal mass of the concrete exoskeleton combined with the increased insulation that is standard in a Sollars Home\u2122 serves to stabilize the interior temperature on even the hottest days. This unique combination works equally well in the winter and results in year-round energy efficiency that you can see in your utility bills. ","webpage":"index-copy.html"},"par6":{"timeSaved":"Fri Oct 09 2015 22:59:38 GMT-0700 (PDT)","stringValue":"With Multi-Flex Forming Technology, we are able to build a Sollars Home\u2122 from almost any design that can be drawn on a piece of paper.  A basement is an option for all Sollars Home\u2122 and we can easily handle varying roof pitches, wall heights, wall widths, and window\/door sizes and locations.  Special design items like 45 degree angles, fireplaces, bay windows, elevators, and decks do not pose a problem either.  Even complex roof configurations and round sections can be constructed!  If you can envision it, we can build it!","webpage":"index-copy.html"},"par7":{"timeSaved":"Fri Oct 09 2015 22:59:38 GMT-0700 (PDT)","stringValue":"","webpage":"index-copy.html"},"par8":{"timeSaved":"Fri Oct 09 2015 22:59:38 GMT-0700 (PDT)","stringValue":"Safer, quieter, more comfortable, more tranquil. Sustainability and permanence into everything we do. A Sollars Home\u2122 will look good for a very long time","webpage":"index-copy.html"},"par9":{"timeSaved":"Fri Oct 09 2015 22:59:38 GMT-0700 (PDT)","stringValue":"We can handle complex, multi-faceted projects for even the most discerning of clients while offering high value at competitive prices.","webpage":"index-copy.html"},"par10":{"timeSaved":"Fri Oct 09 2015 22:59:38 GMT-0700 (PDT)","stringValue":"Affordable construction costs and rapid completion means your investment puts more money in your wallet sooner.","webpage":"index-copy.html"},"par11":{"timeSaved":"Fri Oct 09 2015 22:59:38 GMT-0700 (PDT)","stringValue":"\u201cBulletproof\u201d storage for your precious classics. Ask us about our \u201cultra-secure\u201d storage options.","webpage":"index-copy.html"},"par12":{"timeSaved":"Fri Oct 09 2015 22:59:38 GMT-0700 (PDT)","stringValue":"Tranquil sanctuaries that allow you to escape from life\u2019s distractions so that you can produce at your full potential.","webpage":"index-copy.html"},"par13":{"timeSaved":"Fri Oct 09 2015 22:59:38 GMT-0700 (PDT)","stringValue":"Open, airy spaces that let you indulge your wet and wild side. We can also design and build your pool and pool deck.","webpage":"index-copy.html"},"par14":{"timeSaved":"Fri Oct 09 2015 22:59:38 GMT-0700 (PDT)","stringValue":"CEO","webpage":"index-copy.html"},"par15":{"timeSaved":"Fri Oct 09 2015 22:59:38 GMT-0700 (PDT)","stringValue":"When I entered the construction industry after careers as a microprocessor architect and manufacturing engineer, I was shocked at the lack of technological innovation. Having established a successful construction and contracting business, I envisioned a new way of building centered around \u201cmanufacturing\u201d a home from concrete at the site.","webpage":"index-copy.html"},"par16":{"timeSaved":"Fri Oct 09 2015 22:59:38 GMT-0700 (PDT)","stringValue":"Using a more advanced construction technology, we cast an entire building, all at once, at the site, in a process that also incorporates the framing, plumbing, electrical, and heating\/AC systems. By compressing what used to take 3 or 4 casting cycles into a single casting cycle that includes additional trades, we alter the fundamental economics of building such that it is now feasible, even preferable, to build with concrete instead of wood. We combine the flexibility of our technology with an innovative manufacturing-based approach to offer a new business model and buying experience for our clients. Over time, we will unveil new capabilities that are unique to a Sollars Home.","webpage":"index-copy.html"},"par17":{"timeSaved":"Fri Oct 09 2015 22:59:38 GMT-0700 (PDT)","stringValue":"As an established company with an exciting new technology, it is our mission to redefine how building is done and to make the Sollars Home the dwelling of choice for human beings.","webpage":"index-copy.html"},"par18":{"timeSaved":"Fri Oct 09 2015 22:59:38 GMT-0700 (PDT)","stringValue":"People won\u2019t be forced to live in a wooden home any more!","webpage":"index-copy.html"},"par19":{"timeSaved":"Fri Oct 09 2015 22:59:38 GMT-0700 (PDT)","stringValue":"We can design and build a Sollars Home\u2122 for you directly, or we can work hand in hand with your team (architect, engineer\/s, general contractor, etc) to build your project to the design that your team would provide.","webpage":"index-copy.html"},"par20":{"timeSaved":"Fri Oct 09 2015 22:59:38 GMT-0700 (PDT)","stringValue":"We can work as the structural subcontractor to produce the building\u2019s \u201cshell\u201d.  The rough electrical \u21a6 plumbing trades are included, but we can also do framing, roofing, stucco, insulation, & windows\/exterior doors to get you to the equivalent of a \u201crough framing\u201d inspection.","webpage":"index-copy.html"},"par21":{"timeSaved":"Fri Oct 09 2015 22:59:38 GMT-0700 (PDT)","stringValue":"We can work with you in the role of the General Contractor to complete your custom designed project for your client.  We also offer a library of pre-designed models, that can be customized, to serve as outbuildings in your larger project.","webpage":"index-copy.html"},"par22":{"timeSaved":"Fri Oct 09 2015 22:59:38 GMT-0700 (PDT)","stringValue":"We service the cities within about a 50 mile radius of our offices in San Jose, California.","webpage":"index-copy.html"},"par23":{"timeSaved":"Fri Oct 09 2015 22:59:38 GMT-0700 (PDT)","stringValue":"The Sollars Home\u2122 is a new product and company launched by its parent company, Sollars Construction, Inc., which has been doing custom concrete projects in the Silicon Valley for over 10 years. Sollars Home\u2122 is a privately held company with its headquarters at 1701 Rogers Avenue, Unit 40, San Jose, CA.","webpage":"index-copy.html"},"par24":{"timeSaved":"Fri Oct 09 2015 22:59:38 GMT-0700 (PDT)","stringValue":"CEO","webpage":"index-copy.html"},"par25":{"timeSaved":"Fri Oct 09 2015 22:59:38 GMT-0700 (PDT)","stringValue":"VP","webpage":"index-copy.html"},"par26":{"timeSaved":"Fri Oct 09 2015 22:59:38 GMT-0700 (PDT)","stringValue":"Director of Marketing","webpage":"index-copy.html"},"par27":{"timeSaved":"Fri Oct 09 2015 22:59:38 GMT-0700 (PDT)","stringValue":"Project Manager","webpage":"index-copy.html"},"par28":{"timeSaved":"Fri Oct 09 2015 22:59:38 GMT-0700 (PDT)","stringValue":"Lead Engineer","webpage":"index-copy.html"},"par29":{"timeSaved":"Fri Oct 09 2015 22:59:38 GMT-0700 (PDT)","stringValue":"\n\t\t\t\t\t\t\tDon Sollars holds his Bachelors of Science in Electrical Engineering from the University of Illinois. With a working knowledge of architecture, structures, and civil engineering, Don was able to create the Sollars Home\u2122 (\u2122). Don enjoys hiking and spending time with his German Shepherd, Storm\n\t\t\t\t\t\t\t","webpage":"index-copy.html"},"par30":{"timeSaved":"Fri Oct 09 2015 22:59:38 GMT-0700 (PDT)","stringValue":"\nNative to the Bay Area, Clay has 40 years of experience as a Machinist, Welder, and Fabricator. In his spare time, he enjoys riding Harleys and watching blues bands.\n\t\t\t\t\t\t\t","webpage":"index-copy.html"},"par31":{"timeSaved":"Fri Oct 09 2015 22:59:38 GMT-0700 (PDT)","stringValue":"\nDaughter of Don Sollars and Bay Area native, Erika has a Bachelors of Science in Marketing from Arizona State University. When she is not hard at work, Erika loves to play basketball and travel. \t\t\t\t\t\t\t","webpage":"index-copy.html"},"par32":{"timeSaved":"Fri Oct 09 2015 22:59:38 GMT-0700 (PDT)","stringValue":"\nBorn and raised in San Jose, California, Andrew holds his Bachelors of Science in Mechanical Engineering from San Jose State University. Andrew likes to spend his free time playing racquetball and golf. \t\t\t\t\t\t\t","webpage":"index-copy.html"},"par33":{"timeSaved":"Fri Oct 09 2015 22:59:38 GMT-0700 (PDT)","stringValue":"\nRaymond was born and raised in Northern California and has a Bachelors of Science in Mechanical Engineering from San Jose State University. Raymond\u2019s hobbies include badminton and traveling.\t\t\t\t\t\t\t","webpage":"index-copy.html"},"par34":{"timeSaved":"Fri Oct 09 2015 22:59:38 GMT-0700 (PDT)","stringValue":"Sollars Home\u2122 truly respects the unyielding power of Mother Nature. Therefore, we have engineered extremely safe buildings that are resistant against the forces of nature (earthquakes, fire, flood, wind, mold, termites, and more). Concrete is a material proven to stand the test of time and we are proud to be a company committed to improving the health of our planet through sustainable practices.","webpage":"index-copy.html"},"par35":{"timeSaved":"Fri Oct 09 2015 22:59:38 GMT-0700 (PDT)","stringValue":"At Sollars Home\u2122, it is our intention to be a \u201cCarbon-Neutral Builder\u201d. For every structure we build, we will offset the carbon Footprint by planting enough trees to eliminate the Carbon Dioxide produced by the project in a 30 year timeframe. After the CO2 output is balanced, the trees planted for each building will continue to absorb CO2 during the remainder of their lifespan such that we can do our small part to contribute to a healthier planet.","webpage":"index-copy.html"},"par36":{"timeSaved":"Fri Oct 09 2015 22:59:38 GMT-0700 (PDT)","stringValue":"1701 Rogers Avenue","webpage":"index-copy.html"},"par37":{"timeSaved":"Fri Oct 09 2015 22:59:38 GMT-0700 (PDT)","stringValue":"San Jose, CA 95112","webpage":"index-copy.html"},"par38":{"timeSaved":"Fri Oct 09 2015 22:59:38 GMT-0700 (PDT)","stringValue":"1-844-SOLLARS","webpage":"index-copy.html"},"par39":{"timeSaved":"Fri Oct 09 2015 22:59:38 GMT-0700 (PDT)","stringValue":"info@SollarsHome.com","webpage":"index-copy.html"},"par40":{"timeSaved":"Fri Oct 09 2015 22:59:38 GMT-0700 (PDT)","stringValue":"#SOLID Branding | Marketing | Designs","webpage":"index-copy.html"},"header0":{"timeSaved":"Fri Oct 09 2015 22:59:38 GMT-0700 (PDT)","stringValue":"SCHEDULE A FREE CONSULTATION","webpage":"index-copy.html"},"header1":{"timeSaved":"Fri Oct 09 2015 22:59:38 GMT-0700 (PDT)","stringValue":"PATENTED TECHNOLOGY","webpage":"index-copy.html"},"header2":{"timeSaved":"Fri Oct 09 2015 22:59:38 GMT-0700 (PDT)","stringValue":"Our revolutionary technology allows us to cast our buildings from concrete--with floor, walls, and roof all poured at your site on the same day.","webpage":"index-copy.html"},"header3":{"timeSaved":"Fri Oct 09 2015 22:59:38 GMT-0700 (PDT)","stringValue":"Cost Effective","webpage":"index-copy.html"},"header4":{"timeSaved":"Fri Oct 09 2015 22:59:38 GMT-0700 (PDT)","stringValue":"Built in half the time","webpage":"index-copy.html"},"header5":{"timeSaved":"Fri Oct 09 2015 22:59:38 GMT-0700 (PDT)","stringValue":"Energy efficient","webpage":"index-copy.html"},"header6":{"timeSaved":"Fri Oct 09 2015 22:59:38 GMT-0700 (PDT)","stringValue":"Designs without limits","webpage":"index-copy.html"},"header7":{"timeSaved":"Fri Oct 09 2015 22:59:38 GMT-0700 (PDT)","stringValue":"Did you know?","webpage":"index-copy.html"},"header8":{"timeSaved":"Fri Oct 09 2015 22:59:38 GMT-0700 (PDT)","stringValue":"PRE-DESIGNED MODELS","webpage":"index-copy.html"},"header9":{"timeSaved":"Fri Oct 09 2015 22:59:38 GMT-0700 (PDT)","stringValue":"YOU'LL LOVE THE WAY YOU FEEL IN A SOLLARS HOME","webpage":"index-copy.html"},"header10":{"timeSaved":"Fri Oct 09 2015 22:59:38 GMT-0700 (PDT)","stringValue":"At Sollars Home\u2122, we are custom builders at heart. We can build a Sollars Home\u2122 of practically any size, shape, or configuration you can envision. We also offer pre-designed standard buildings for specific uses that are terrific values.","webpage":"index-copy.html"},"header11":{"timeSaved":"Fri Oct 09 2015 22:59:38 GMT-0700 (PDT)","stringValue":"Single Family Home","webpage":"index-copy.html"},"header12":{"timeSaved":"Fri Oct 09 2015 22:59:38 GMT-0700 (PDT)","stringValue":"Guest Houses\/ Extended Family Units","webpage":"index-copy.html"},"header13":{"timeSaved":"Fri Oct 09 2015 22:59:38 GMT-0700 (PDT)","stringValue":"Rental Units","webpage":"index-copy.html"},"header14":{"timeSaved":"Fri Oct 09 2015 22:59:38 GMT-0700 (PDT)","stringValue":"Garages","webpage":"index-copy.html"},"header15":{"timeSaved":"Fri Oct 09 2015 22:59:38 GMT-0700 (PDT)","stringValue":"Office, Workshop, Studio","webpage":"index-copy.html"},"header16":{"timeSaved":"Fri Oct 09 2015 22:59:38 GMT-0700 (PDT)","stringValue":"Pool Houses","webpage":"index-copy.html"},"header17":{"timeSaved":"Fri Oct 09 2015 22:59:38 GMT-0700 (PDT)","stringValue":"OUR VISION","webpage":"index-copy.html"},"header18":{"timeSaved":"Fri Oct 09 2015 22:59:38 GMT-0700 (PDT)","stringValue":"Don Sollars","webpage":"index-copy.html"},"header19":{"timeSaved":"Fri Oct 09 2015 22:59:38 GMT-0700 (PDT)","stringValue":"WHO WE SERVE","webpage":"index-copy.html"},"header20":{"timeSaved":"Fri Oct 09 2015 22:59:38 GMT-0700 (PDT)","stringValue":"HOMEOWNERS","webpage":"index-copy.html"},"header21":{"timeSaved":"Fri Oct 09 2015 22:59:38 GMT-0700 (PDT)","stringValue":"BUILDERS","webpage":"index-copy.html"},"header22":{"timeSaved":"Fri Oct 09 2015 22:59:38 GMT-0700 (PDT)","stringValue":"ARCHITECTS","webpage":"index-copy.html"},"header23":{"timeSaved":"Fri Oct 09 2015 22:59:38 GMT-0700 (PDT)","stringValue":"THE EXECUTIVE TEAM","webpage":"index-copy.html"},"header24":{"timeSaved":"Fri Oct 09 2015 22:59:38 GMT-0700 (PDT)","stringValue":"Don Sollars","webpage":"index-copy.html"},"header25":{"timeSaved":"Fri Oct 09 2015 22:59:38 GMT-0700 (PDT)","stringValue":"Clay Smith","webpage":"index-copy.html"},"header26":{"timeSaved":"Fri Oct 09 2015 22:59:38 GMT-0700 (PDT)","stringValue":"Erika Sollars","webpage":"index-copy.html"},"header27":{"timeSaved":"Fri Oct 09 2015 22:59:38 GMT-0700 (PDT)","stringValue":"Andrew Ly","webpage":"index-copy.html"},"header28":{"timeSaved":"Fri Oct 09 2015 22:59:38 GMT-0700 (PDT)","stringValue":"Raymond Ton","webpage":"index-copy.html"},"header29":{"timeSaved":"Fri Oct 09 2015 22:59:38 GMT-0700 (PDT)","stringValue":"Don Sollars","webpage":"index-copy.html"},"header30":{"timeSaved":"Fri Oct 09 2015 22:59:38 GMT-0700 (PDT)","stringValue":"Chief Executive Officer","webpage":"index-copy.html"},"header31":{"timeSaved":"Fri Oct 09 2015 22:59:38 GMT-0700 (PDT)","stringValue":"Clay Smith","webpage":"index-copy.html"},"header32":{"timeSaved":"Fri Oct 09 2015 22:59:38 GMT-0700 (PDT)","stringValue":"Vice President","webpage":"index-copy.html"},"header33":{"timeSaved":"Fri Oct 09 2015 22:59:38 GMT-0700 (PDT)","stringValue":"Erika Sollars","webpage":"index-copy.html"},"header34":{"timeSaved":"Fri Oct 09 2015 22:59:38 GMT-0700 (PDT)","stringValue":"Director of Marketing","webpage":"index-copy.html"},"header35":{"timeSaved":"Fri Oct 09 2015 22:59:38 GMT-0700 (PDT)","stringValue":"Andrew Ly","webpage":"index-copy.html"},"header36":{"timeSaved":"Fri Oct 09 2015 22:59:38 GMT-0700 (PDT)","stringValue":"Project Manager","webpage":"index-copy.html"},"header37":{"timeSaved":"Fri Oct 09 2015 22:59:38 GMT-0700 (PDT)","stringValue":"Raymond Ton","webpage":"index-copy.html"},"header38":{"timeSaved":"Fri Oct 09 2015 22:59:38 GMT-0700 (PDT)","stringValue":"Lead Engineer","webpage":"index-copy.html"},"header39":{"timeSaved":"Fri Oct 09 2015 22:59:38 GMT-0700 (PDT)","stringValue":"SUSTAINABLE ENGINEERING","webpage":"index-copy.html"},"header40":{"timeSaved":"Fri Oct 09 2015 22:59:38 GMT-0700 (PDT)","stringValue":"CONTACT US","webpage":"index-copy.html"},"header41":{"timeSaved":"Fri Oct 09 2015 22:59:38 GMT-0700 (PDT)","stringValue":"PATENTED TECHNOLOGY","webpage":"index-copy.html"},"header42":{"timeSaved":"Fri Oct 09 2015 22:59:38 GMT-0700 (PDT)","stringValue":"PRE-DESIGNED MODELS","webpage":"index-copy.html"},"header43":{"timeSaved":"Fri Oct 09 2015 22:59:38 GMT-0700 (PDT)","stringValue":"WHO WE SERVE","webpage":"index-copy.html"},"header44":{"timeSaved":"Fri Oct 09 2015 22:59:38 GMT-0700 (PDT)","stringValue":"COMPANY","webpage":"index-copy.html"},"header45":{"timeSaved":"Fri Oct 09 2015 22:59:38 GMT-0700 (PDT)","stringValue":"\u00a9 SOLLARS HOME\u2122 2015","webpage":"index-copy.html"},"list0":{"timeSaved":"Fri Oct 09 2015 22:59:38 GMT-0700 (PDT)","stringValue":" \n","webpage":"index-copy.html"},"list1":{"timeSaved":"Fri Oct 09 2015 22:59:38 GMT-0700 (PDT)","stringValue":"WELCOME","webpage":"index-copy.html"},"list2":{"timeSaved":"Fri Oct 09 2015 22:59:38 GMT-0700 (PDT)","stringValue":"PATENTED TECHNOLOGY","webpage":"index-copy.html"},"list3":{"timeSaved":"Fri Oct 09 2015 22:59:38 GMT-0700 (PDT)","stringValue":"PRE-DESIGNED MODELS","webpage":"index-copy.html"},"list4":{"timeSaved":"Fri Oct 09 2015 22:59:38 GMT-0700 (PDT)","stringValue":"OUR VISION","webpage":"index-copy.html"},"list5":{"timeSaved":"Fri Oct 09 2015 22:59:38 GMT-0700 (PDT)","stringValue":"WHO WE SERVE","webpage":"index-copy.html"},"list6":{"timeSaved":"Fri Oct 09 2015 22:59:38 GMT-0700 (PDT)","stringValue":"ABOUT US","webpage":"index-copy.html"},"list7":{"timeSaved":"Fri Oct 09 2015 22:59:38 GMT-0700 (PDT)","stringValue":"CONTACT US","webpage":"index-copy.html"},"list8":{"timeSaved":"Fri Oct 09 2015 22:59:38 GMT-0700 (PDT)","stringValue":"close","webpage":"index-copy.html"},"list9":{"timeSaved":"Fri Oct 09 2015 22:59:38 GMT-0700 (PDT)","stringValue":"WELCOME ","webpage":"index-copy.html"},"list10":{"timeSaved":"Fri Oct 09 2015 22:59:38 GMT-0700 (PDT)","stringValue":"PATENTED TECHNOLOGY ","webpage":"index-copy.html"},"list11":{"timeSaved":"Fri Oct 09 2015 22:59:38 GMT-0700 (PDT)","stringValue":"PRE-DESIGNED MODELS ","webpage":"index-copy.html"},"list12":{"timeSaved":"Fri Oct 09 2015 22:59:38 GMT-0700 (PDT)","stringValue":"OUR VISION ","webpage":"index-copy.html"},"list13":{"timeSaved":"Fri Oct 09 2015 22:59:38 GMT-0700 (PDT)","stringValue":"WHO WE SERVE ","webpage":"index-copy.html"},"list14":{"timeSaved":"Fri Oct 09 2015 22:59:38 GMT-0700 (PDT)","stringValue":"ABOUT US ","webpage":"index-copy.html"},"list15":{"timeSaved":"Fri Oct 09 2015 22:59:38 GMT-0700 (PDT)","stringValue":"CONTACT US","webpage":"index-copy.html"},"list16":{"timeSaved":"Fri Oct 09 2015 22:59:38 GMT-0700 (PDT)","stringValue":"\"That we can build a Sollars Home\u2122 into a hillside at a fraction of the cost of other builders\"","webpage":"index-copy.html"},"list17":{"timeSaved":"Fri Oct 09 2015 22:59:38 GMT-0700 (PDT)","stringValue":"\n\t\t\t\t\t\t            \"That a Sollars Home\u2122 naturally acts as a retaining wall\"\n\t\t\t\t\t\t        ","webpage":"index-copy.html"},"list18":{"timeSaved":"Fri Oct 09 2015 22:59:38 GMT-0700 (PDT)","stringValue":"\n\t\t\t\t\t\t            \"That a Sollars Home\u2122 creates a sound barrier that dramatically reduces noise from freeways, overpasses, etc.\"\n\t\t\t\t\t\t        ","webpage":"index-copy.html"},"list19":{"timeSaved":"Fri Oct 09 2015 22:59:38 GMT-0700 (PDT)","stringValue":"\n\t\t\t\t\t\t            \"That we can tackle your ENTIRE backyard makeover including pool, pool house, retaining walls, landscape, and hardscape using concrete, pavers, and natural stone\"\n\t\t\t\t\t\t        ","webpage":"index-copy.html"},"list20":{"timeSaved":"Fri Oct 09 2015 22:59:38 GMT-0700 (PDT)","stringValue":"Features and Benefits","webpage":"index-copy.html"},"list21":{"timeSaved":"Fri Oct 09 2015 22:59:38 GMT-0700 (PDT)","stringValue":"How it Works (coming soon)","webpage":"index-copy.html"},"list22":{"timeSaved":"Fri Oct 09 2015 22:59:38 GMT-0700 (PDT)","stringValue":"FAQ","webpage":"index-copy.html"},"list23":{"timeSaved":"Fri Oct 09 2015 22:59:38 GMT-0700 (PDT)","stringValue":"Single Story Homes","webpage":"index-copy.html"},"list24":{"timeSaved":"Fri Oct 09 2015 22:59:38 GMT-0700 (PDT)","stringValue":"Guest Houses \/ Extended Family Units","webpage":"index-copy.html"},"list25":{"timeSaved":"Fri Oct 09 2015 22:59:38 GMT-0700 (PDT)","stringValue":"Rental Units","webpage":"index-copy.html"},"list26":{"timeSaved":"Fri Oct 09 2015 22:59:38 GMT-0700 (PDT)","stringValue":"Garages","webpage":"index-copy.html"},"list27":{"timeSaved":"Fri Oct 09 2015 22:59:38 GMT-0700 (PDT)","stringValue":"Office, Workshop, Studio","webpage":"index-copy.html"},"list28":{"timeSaved":"Fri Oct 09 2015 22:59:38 GMT-0700 (PDT)","stringValue":"Pool Houses","webpage":"index-copy.html"},"list29":{"timeSaved":"Fri Oct 09 2015 22:59:38 GMT-0700 (PDT)","stringValue":"Homeowners","webpage":"index-copy.html"},"list30":{"timeSaved":"Fri Oct 09 2015 22:59:38 GMT-0700 (PDT)","stringValue":"Architects","webpage":"index-copy.html"},"list31":{"timeSaved":"Fri Oct 09 2015 22:59:38 GMT-0700 (PDT)","stringValue":"Builders","webpage":"index-copy.html"},"list32":{"timeSaved":"Fri Oct 09 2015 22:59:38 GMT-0700 (PDT)","stringValue":"Our Vision","webpage":"index-copy.html"},"list33":{"timeSaved":"Fri Oct 09 2015 22:59:38 GMT-0700 (PDT)","stringValue":"About Us","webpage":"index-copy.html"},"list34":{"timeSaved":"Fri Oct 09 2015 22:59:38 GMT-0700 (PDT)","stringValue":"Sustainable Engineering","webpage":"index-copy.html"}},{"id":"2","file":"index-copy.html","content":{"id":"2","par0":{"timeSaved":"Fri Oct 09 2015 22:59:38 GMT-0700 (PDT)","stringValue":"","webpage":"index-copy.html"},"par1":{"timeSaved":"Fri Oct 09 2015 22:59:38 GMT-0700 (PDT)","stringValue":"A Sollars Home\u2122 is \u201cmanufactured at your site\u201d.  We spend more time up front on blueprints and assembly drawings and this allows us to complete projects faster and at a higher level of quality.  Because we use the same \u201cmanufacturing flow\u201d for all projects, we are able to complete a large percentage of a Sollars Home\u2122 in house, thereby avoiding the markup charged by subcontractors to a traditional general contractor.  We can then pass these savings on to you!","webpage":"index-copy.html"},"par2":{"timeSaved":"Fri Oct 09 2015 22:59:38 GMT-0700 (PDT)","stringValue":"","webpage":"index-copy.html"},"par3":{"timeSaved":"Fri Oct 09 2015 22:59:38 GMT-0700 (PDT)","stringValue":" A Sollars Home\u2122 built from concrete using Multi-Flex Forming Technology fundamentally requires fewer steps than a wooden home and several of the remaining steps are simplified.  We simulate the construction process, which enables us to prefabricate many of the non-structural system pieces and incorporate them into the forming process, which slashes time when compared to having every piece of the home custom made on site. ","webpage":"index-copy.html"},"par4":{"timeSaved":"Fri Oct 09 2015 22:59:38 GMT-0700 (PDT)","stringValue":"","webpage":"index-copy.html"},"par5":{"timeSaved":"Fri Oct 09 2015 22:59:38 GMT-0700 (PDT)","stringValue":"A Sollars Home\u2122 delivers the kind of energy savings you would expect from an advanced technology. The thermal mass of the concrete exoskeleton combined with the increased insulation that is standard in a Sollars Home\u2122 serves to stabilize the interior temperature on even the hottest days. This unique combination works equally well in the winter and results in year-round energy efficiency that you can see in your utility bills. ","webpage":"index-copy.html"},"par6":{"timeSaved":"Fri Oct 09 2015 22:59:38 GMT-0700 (PDT)","stringValue":"With Multi-Flex Forming Technology, we are able to build a Sollars Home\u2122 from almost any design that can be drawn on a piece of paper.  A basement is an option for all Sollars Home\u2122 and we can easily handle varying roof pitches, wall heights, wall widths, and window\/door sizes and locations.  Special design items like 45 degree angles, fireplaces, bay windows, elevators, and decks do not pose a problem either.  Even complex roof configurations and round sections can be constructed!  If you can envision it, we can build it!","webpage":"index-copy.html"},"par7":{"timeSaved":"Fri Oct 09 2015 22:59:38 GMT-0700 (PDT)","stringValue":"","webpage":"index-copy.html"},"par8":{"timeSaved":"Fri Oct 09 2015 22:59:38 GMT-0700 (PDT)","stringValue":"Safer, quieter, more comfortable, more tranquil. Sustainability and permanence into everything we do. A Sollars Home\u2122 will look good for a very long time","webpage":"index-copy.html"},"par9":{"timeSaved":"Fri Oct 09 2015 22:59:38 GMT-0700 (PDT)","stringValue":"We can handle complex, multi-faceted projects for even the most discerning of clients while offering high value at competitive prices.","webpage":"index-copy.html"},"par10":{"timeSaved":"Fri Oct 09 2015 22:59:38 GMT-0700 (PDT)","stringValue":"Affordable construction costs and rapid completion means your investment puts more money in your wallet sooner.","webpage":"index-copy.html"},"par11":{"timeSaved":"Fri Oct 09 2015 22:59:38 GMT-0700 (PDT)","stringValue":"\u201cBulletproof\u201d storage for your precious classics. Ask us about our \u201cultra-secure\u201d storage options.","webpage":"index-copy.html"},"par12":{"timeSaved":"Fri Oct 09 2015 22:59:38 GMT-0700 (PDT)","stringValue":"Tranquil sanctuaries that allow you to escape from life\u2019s distractions so that you can produce at your full potential.","webpage":"index-copy.html"},"par13":{"timeSaved":"Fri Oct 09 2015 22:59:38 GMT-0700 (PDT)","stringValue":"Open, airy spaces that let you indulge your wet and wild side. We can also design and build your pool and pool deck.","webpage":"index-copy.html"},"par14":{"timeSaved":"Fri Oct 09 2015 22:59:38 GMT-0700 (PDT)","stringValue":"CEO","webpage":"index-copy.html"},"par15":{"timeSaved":"Fri Oct 09 2015 22:59:38 GMT-0700 (PDT)","stringValue":"When I entered the construction industry after careers as a microprocessor architect and manufacturing engineer, I was shocked at the lack of technological innovation. Having established a successful construction and contracting business, I envisioned a new way of building centered around \u201cmanufacturing\u201d a home from concrete at the site.","webpage":"index-copy.html"},"par16":{"timeSaved":"Fri Oct 09 2015 22:59:38 GMT-0700 (PDT)","stringValue":"Using a more advanced construction technology, we cast an entire building, all at once, at the site, in a process that also incorporates the framing, plumbing, electrical, and heating\/AC systems. By compressing what used to take 3 or 4 casting cycles into a single casting cycle that includes additional trades, we alter the fundamental economics of building such that it is now feasible, even preferable, to build with concrete instead of wood. We combine the flexibility of our technology with an innovative manufacturing-based approach to offer a new business model and buying experience for our clients. Over time, we will unveil new capabilities that are unique to a Sollars Home.","webpage":"index-copy.html"},"par17":{"timeSaved":"Fri Oct 09 2015 22:59:38 GMT-0700 (PDT)","stringValue":"As an established company with an exciting new technology, it is our mission to redefine how building is done and to make the Sollars Home the dwelling of choice for human beings.","webpage":"index-copy.html"},"par18":{"timeSaved":"Fri Oct 09 2015 22:59:38 GMT-0700 (PDT)","stringValue":"People won\u2019t be forced to live in a wooden home any more!","webpage":"index-copy.html"},"par19":{"timeSaved":"Fri Oct 09 2015 22:59:38 GMT-0700 (PDT)","stringValue":"We can design and build a Sollars Home\u2122 for you directly, or we can work hand in hand with your team (architect, engineer\/s, general contractor, etc) to build your project to the design that your team would provide.","webpage":"index-copy.html"},"par20":{"timeSaved":"Fri Oct 09 2015 22:59:38 GMT-0700 (PDT)","stringValue":"We can work as the structural subcontractor to produce the building\u2019s \u201cshell\u201d.  The rough electrical \u21a6 plumbing trades are included, but we can also do framing, roofing, stucco, insulation, & windows\/exterior doors to get you to the equivalent of a \u201crough framing\u201d inspection.","webpage":"index-copy.html"},"par21":{"timeSaved":"Fri Oct 09 2015 22:59:38 GMT-0700 (PDT)","stringValue":"We can work with you in the role of the General Contractor to complete your custom designed project for your client.  We also offer a library of pre-designed models, that can be customized, to serve as outbuildings in your larger project.","webpage":"index-copy.html"},"par22":{"timeSaved":"Fri Oct 09 2015 22:59:38 GMT-0700 (PDT)","stringValue":"We service the cities within about a 50 mile radius of our offices in San Jose, California.","webpage":"index-copy.html"},"par23":{"timeSaved":"Fri Oct 09 2015 22:59:38 GMT-0700 (PDT)","stringValue":"The Sollars Home\u2122 is a new product and company launched by its parent company, Sollars Construction, Inc., which has been doing custom concrete projects in the Silicon Valley for over 10 years. Sollars Home\u2122 is a privately held company with its headquarters at 1701 Rogers Avenue, Unit 40, San Jose, CA.","webpage":"index-copy.html"},"par24":{"timeSaved":"Fri Oct 09 2015 22:59:38 GMT-0700 (PDT)","stringValue":"CEO","webpage":"index-copy.html"},"par25":{"timeSaved":"Fri Oct 09 2015 22:59:38 GMT-0700 (PDT)","stringValue":"VP","webpage":"index-copy.html"},"par26":{"timeSaved":"Fri Oct 09 2015 22:59:38 GMT-0700 (PDT)","stringValue":"Director of Marketing","webpage":"index-copy.html"},"par27":{"timeSaved":"Fri Oct 09 2015 22:59:38 GMT-0700 (PDT)","stringValue":"Project Manager","webpage":"index-copy.html"},"par28":{"timeSaved":"Fri Oct 09 2015 22:59:38 GMT-0700 (PDT)","stringValue":"Lead Engineer","webpage":"index-copy.html"},"par29":{"timeSaved":"Fri Oct 09 2015 22:59:38 GMT-0700 (PDT)","stringValue":"\n\t\t\t\t\t\t\tDon Sollars holds his Bachelors of Science in Electrical Engineering from the University of Illinois. With a working knowledge of architecture, structures, and civil engineering, Don was able to create the Sollars Home\u2122 (\u2122). Don enjoys hiking and spending time with his German Shepherd, Storm\n\t\t\t\t\t\t\t","webpage":"index-copy.html"},"par30":{"timeSaved":"Fri Oct 09 2015 22:59:38 GMT-0700 (PDT)","stringValue":"\nNative to the Bay Area, Clay has 40 years of experience as a Machinist, Welder, and Fabricator. In his spare time, he enjoys riding Harleys and watching blues bands.\n\t\t\t\t\t\t\t","webpage":"index-copy.html"},"par31":{"timeSaved":"Fri Oct 09 2015 22:59:38 GMT-0700 (PDT)","stringValue":"\nDaughter of Don Sollars and Bay Area native, Erika has a Bachelors of Science in Marketing from Arizona State University. When she is not hard at work, Erika loves to play basketball and travel. \t\t\t\t\t\t\t","webpage":"index-copy.html"},"par32":{"timeSaved":"Fri Oct 09 2015 22:59:38 GMT-0700 (PDT)","stringValue":"\nBorn and raised in San Jose, California, Andrew holds his Bachelors of Science in Mechanical Engineering from San Jose State University. Andrew likes to spend his free time playing racquetball and golf. \t\t\t\t\t\t\t","webpage":"index-copy.html"},"par33":{"timeSaved":"Fri Oct 09 2015 22:59:38 GMT-0700 (PDT)","stringValue":"\nRaymond was born and raised in Northern California and has a Bachelors of Science in Mechanical Engineering from San Jose State University. Raymond\u2019s hobbies include badminton and traveling.\t\t\t\t\t\t\t","webpage":"index-copy.html"},"par34":{"timeSaved":"Fri Oct 09 2015 22:59:38 GMT-0700 (PDT)","stringValue":"Sollars Home\u2122 truly respects the unyielding power of Mother Nature. Therefore, we have engineered extremely safe buildings that are resistant against the forces of nature (earthquakes, fire, flood, wind, mold, termites, and more). Concrete is a material proven to stand the test of time and we are proud to be a company committed to improving the health of our planet through sustainable practices.","webpage":"index-copy.html"},"par35":{"timeSaved":"Fri Oct 09 2015 22:59:38 GMT-0700 (PDT)","stringValue":"At Sollars Home\u2122, it is our intention to be a \u201cCarbon-Neutral Builder\u201d. For every structure we build, we will offset the carbon Footprint by planting enough trees to eliminate the Carbon Dioxide produced by the project in a 30 year timeframe. After the CO2 output is balanced, the trees planted for each building will continue to absorb CO2 during the remainder of their lifespan such that we can do our small part to contribute to a healthier planet.","webpage":"index-copy.html"},"par36":{"timeSaved":"Fri Oct 09 2015 22:59:38 GMT-0700 (PDT)","stringValue":"1701 Rogers Avenue","webpage":"index-copy.html"},"par37":{"timeSaved":"Fri Oct 09 2015 22:59:38 GMT-0700 (PDT)","stringValue":"San Jose, CA 95112","webpage":"index-copy.html"},"par38":{"timeSaved":"Fri Oct 09 2015 22:59:38 GMT-0700 (PDT)","stringValue":"1-844-SOLLARS","webpage":"index-copy.html"},"par39":{"timeSaved":"Fri Oct 09 2015 22:59:38 GMT-0700 (PDT)","stringValue":"info@SollarsHome.com","webpage":"index-copy.html"},"par40":{"timeSaved":"Fri Oct 09 2015 22:59:38 GMT-0700 (PDT)","stringValue":"#SOLID Branding | Marketing | Designs","webpage":"index-copy.html"},"header0":{"timeSaved":"Fri Oct 09 2015 22:59:38 GMT-0700 (PDT)","stringValue":"SCHEDULE A FREE CONSULTATION","webpage":"index-copy.html"},"header1":{"timeSaved":"Fri Oct 09 2015 22:59:38 GMT-0700 (PDT)","stringValue":"PATENTED TECHNOLOGY","webpage":"index-copy.html"},"header2":{"timeSaved":"Fri Oct 09 2015 22:59:38 GMT-0700 (PDT)","stringValue":"Our revolutionary technology allows us to cast our buildings from concrete--with floor, walls, and roof all poured at your site on the same day.","webpage":"index-copy.html"},"header3":{"timeSaved":"Fri Oct 09 2015 22:59:38 GMT-0700 (PDT)","stringValue":"Cost Effective","webpage":"index-copy.html"},"header4":{"timeSaved":"Fri Oct 09 2015 22:59:38 GMT-0700 (PDT)","stringValue":"Built in half the time","webpage":"index-copy.html"},"header5":{"timeSaved":"Fri Oct 09 2015 22:59:38 GMT-0700 (PDT)","stringValue":"Energy efficient","webpage":"index-copy.html"},"header6":{"timeSaved":"Fri Oct 09 2015 22:59:38 GMT-0700 (PDT)","stringValue":"Designs without limits","webpage":"index-copy.html"},"header7":{"timeSaved":"Fri Oct 09 2015 22:59:38 GMT-0700 (PDT)","stringValue":"Did you know?","webpage":"index-copy.html"},"header8":{"timeSaved":"Fri Oct 09 2015 22:59:38 GMT-0700 (PDT)","stringValue":"PRE-DESIGNED MODELS","webpage":"index-copy.html"},"header9":{"timeSaved":"Fri Oct 09 2015 22:59:38 GMT-0700 (PDT)","stringValue":"YOU'LL LOVE THE WAY YOU FEEL IN A SOLLARS HOME","webpage":"index-copy.html"},"header10":{"timeSaved":"Fri Oct 09 2015 22:59:38 GMT-0700 (PDT)","stringValue":"At Sollars Home\u2122, we are custom builders at heart. We can build a Sollars Home\u2122 of practically any size, shape, or configuration you can envision. We also offer pre-designed standard buildings for specific uses that are terrific values.","webpage":"index-copy.html"},"header11":{"timeSaved":"Fri Oct 09 2015 22:59:38 GMT-0700 (PDT)","stringValue":"Single Family Home","webpage":"index-copy.html"},"header12":{"timeSaved":"Fri Oct 09 2015 22:59:38 GMT-0700 (PDT)","stringValue":"Guest Houses\/ Extended Family Units","webpage":"index-copy.html"},"header13":{"timeSaved":"Fri Oct 09 2015 22:59:38 GMT-0700 (PDT)","stringValue":"Rental Units","webpage":"index-copy.html"},"header14":{"timeSaved":"Fri Oct 09 2015 22:59:38 GMT-0700 (PDT)","stringValue":"Garages","webpage":"index-copy.html"},"header15":{"timeSaved":"Fri Oct 09 2015 22:59:38 GMT-0700 (PDT)","stringValue":"Office, Workshop, Studio","webpage":"index-copy.html"},"header16":{"timeSaved":"Fri Oct 09 2015 22:59:38 GMT-0700 (PDT)","stringValue":"Pool Houses","webpage":"index-copy.html"},"header17":{"timeSaved":"Fri Oct 09 2015 22:59:38 GMT-0700 (PDT)","stringValue":"OUR VISION","webpage":"index-copy.html"},"header18":{"timeSaved":"Fri Oct 09 2015 22:59:38 GMT-0700 (PDT)","stringValue":"Don Sollars","webpage":"index-copy.html"},"header19":{"timeSaved":"Fri Oct 09 2015 22:59:38 GMT-0700 (PDT)","stringValue":"WHO WE SERVE","webpage":"index-copy.html"},"header20":{"timeSaved":"Fri Oct 09 2015 22:59:38 GMT-0700 (PDT)","stringValue":"HOMEOWNERS","webpage":"index-copy.html"},"header21":{"timeSaved":"Fri Oct 09 2015 22:59:38 GMT-0700 (PDT)","stringValue":"BUILDERS","webpage":"index-copy.html"},"header22":{"timeSaved":"Fri Oct 09 2015 22:59:38 GMT-0700 (PDT)","stringValue":"ARCHITECTS","webpage":"index-copy.html"},"header23":{"timeSaved":"Fri Oct 09 2015 22:59:38 GMT-0700 (PDT)","stringValue":"THE EXECUTIVE TEAM","webpage":"index-copy.html"},"header24":{"timeSaved":"Fri Oct 09 2015 22:59:38 GMT-0700 (PDT)","stringValue":"Don Sollars","webpage":"index-copy.html"},"header25":{"timeSaved":"Fri Oct 09 2015 22:59:38 GMT-0700 (PDT)","stringValue":"Clay Smith","webpage":"index-copy.html"},"header26":{"timeSaved":"Fri Oct 09 2015 22:59:38 GMT-0700 (PDT)","stringValue":"Erika Sollars","webpage":"index-copy.html"},"header27":{"timeSaved":"Fri Oct 09 2015 22:59:38 GMT-0700 (PDT)","stringValue":"Andrew Ly","webpage":"index-copy.html"},"header28":{"timeSaved":"Fri Oct 09 2015 22:59:38 GMT-0700 (PDT)","stringValue":"Raymond Ton","webpage":"index-copy.html"},"header29":{"timeSaved":"Fri Oct 09 2015 22:59:38 GMT-0700 (PDT)","stringValue":"Don Sollars","webpage":"index-copy.html"},"header30":{"timeSaved":"Fri Oct 09 2015 22:59:38 GMT-0700 (PDT)","stringValue":"Chief Executive Officer","webpage":"index-copy.html"},"header31":{"timeSaved":"Fri Oct 09 2015 22:59:38 GMT-0700 (PDT)","stringValue":"Clay Smith","webpage":"index-copy.html"},"header32":{"timeSaved":"Fri Oct 09 2015 22:59:38 GMT-0700 (PDT)","stringValue":"Vice President","webpage":"index-copy.html"},"header33":{"timeSaved":"Fri Oct 09 2015 22:59:38 GMT-0700 (PDT)","stringValue":"Erika Sollars","webpage":"index-copy.html"},"header34":{"timeSaved":"Fri Oct 09 2015 22:59:38 GMT-0700 (PDT)","stringValue":"Director of Marketing","webpage":"index-copy.html"},"header35":{"timeSaved":"Fri Oct 09 2015 22:59:38 GMT-0700 (PDT)","stringValue":"Andrew Ly","webpage":"index-copy.html"},"header36":{"timeSaved":"Fri Oct 09 2015 22:59:38 GMT-0700 (PDT)","stringValue":"Project Manager","webpage":"index-copy.html"},"header37":{"timeSaved":"Fri Oct 09 2015 22:59:38 GMT-0700 (PDT)","stringValue":"Raymond Ton","webpage":"index-copy.html"},"header38":{"timeSaved":"Fri Oct 09 2015 22:59:38 GMT-0700 (PDT)","stringValue":"Lead Engineer","webpage":"index-copy.html"},"header39":{"timeSaved":"Fri Oct 09 2015 22:59:38 GMT-0700 (PDT)","stringValue":"SUSTAINABLE ENGINEERING","webpage":"index-copy.html"},"header40":{"timeSaved":"Fri Oct 09 2015 22:59:38 GMT-0700 (PDT)","stringValue":"CONTACT US","webpage":"index-copy.html"},"header41":{"timeSaved":"Fri Oct 09 2015 22:59:38 GMT-0700 (PDT)","stringValue":"PATENTED TECHNOLOGY","webpage":"index-copy.html"},"header42":{"timeSaved":"Fri Oct 09 2015 22:59:38 GMT-0700 (PDT)","stringValue":"PRE-DESIGNED MODELS","webpage":"index-copy.html"},"header43":{"timeSaved":"Fri Oct 09 2015 22:59:38 GMT-0700 (PDT)","stringValue":"WHO WE SERVE","webpage":"index-copy.html"},"header44":{"timeSaved":"Fri Oct 09 2015 22:59:38 GMT-0700 (PDT)","stringValue":"COMPANY","webpage":"index-copy.html"},"header45":{"timeSaved":"Fri Oct 09 2015 22:59:38 GMT-0700 (PDT)","stringValue":"\u00a9 SOLLARS HOME\u2122 2015","webpage":"index-copy.html"},"list0":{"timeSaved":"Fri Oct 09 2015 22:59:38 GMT-0700 (PDT)","stringValue":" \n","webpage":"index-copy.html"},"list1":{"timeSaved":"Fri Oct 09 2015 22:59:38 GMT-0700 (PDT)","stringValue":"WELCOME","webpage":"index-copy.html"},"list2":{"timeSaved":"Fri Oct 09 2015 22:59:38 GMT-0700 (PDT)","stringValue":"PATENTED TECHNOLOGY","webpage":"index-copy.html"},"list3":{"timeSaved":"Fri Oct 09 2015 22:59:38 GMT-0700 (PDT)","stringValue":"PRE-DESIGNED MODELS","webpage":"index-copy.html"},"list4":{"timeSaved":"Fri Oct 09 2015 22:59:38 GMT-0700 (PDT)","stringValue":"OUR VISION","webpage":"index-copy.html"},"list5":{"timeSaved":"Fri Oct 09 2015 22:59:38 GMT-0700 (PDT)","stringValue":"WHO WE SERVE","webpage":"index-copy.html"},"list6":{"timeSaved":"Fri Oct 09 2015 22:59:38 GMT-0700 (PDT)","stringValue":"ABOUT US","webpage":"index-copy.html"},"list7":{"timeSaved":"Fri Oct 09 2015 22:59:38 GMT-0700 (PDT)","stringValue":"CONTACT US","webpage":"index-copy.html"},"list8":{"timeSaved":"Fri Oct 09 2015 22:59:38 GMT-0700 (PDT)","stringValue":"close","webpage":"index-copy.html"},"list9":{"timeSaved":"Fri Oct 09 2015 22:59:38 GMT-0700 (PDT)","stringValue":"WELCOME ","webpage":"index-copy.html"},"list10":{"timeSaved":"Fri Oct 09 2015 22:59:38 GMT-0700 (PDT)","stringValue":"PATENTED TECHNOLOGY ","webpage":"index-copy.html"},"list11":{"timeSaved":"Fri Oct 09 2015 22:59:38 GMT-0700 (PDT)","stringValue":"PRE-DESIGNED MODELS ","webpage":"index-copy.html"},"list12":{"timeSaved":"Fri Oct 09 2015 22:59:38 GMT-0700 (PDT)","stringValue":"OUR VISION ","webpage":"index-copy.html"},"list13":{"timeSaved":"Fri Oct 09 2015 22:59:38 GMT-0700 (PDT)","stringValue":"WHO WE SERVE ","webpage":"index-copy.html"},"list14":{"timeSaved":"Fri Oct 09 2015 22:59:38 GMT-0700 (PDT)","stringValue":"ABOUT US ","webpage":"index-copy.html"},"list15":{"timeSaved":"Fri Oct 09 2015 22:59:38 GMT-0700 (PDT)","stringValue":"CONTACT US","webpage":"index-copy.html"},"list16":{"timeSaved":"Fri Oct 09 2015 22:59:38 GMT-0700 (PDT)","stringValue":"\"That we can build a Sollars Home\u2122 into a hillside at a fraction of the cost of other builders\"","webpage":"index-copy.html"},"list17":{"timeSaved":"Fri Oct 09 2015 22:59:38 GMT-0700 (PDT)","stringValue":"\n\t\t\t\t\t\t            \"That a Sollars Home\u2122 naturally acts as a retaining wall\"\n\t\t\t\t\t\t        ","webpage":"index-copy.html"},"list18":{"timeSaved":"Fri Oct 09 2015 22:59:38 GMT-0700 (PDT)","stringValue":"\n\t\t\t\t\t\t            \"That a Sollars Home\u2122 creates a sound barrier that dramatically reduces noise from freeways, overpasses, etc.\"\n\t\t\t\t\t\t        ","webpage":"index-copy.html"},"list19":{"timeSaved":"Fri Oct 09 2015 22:59:38 GMT-0700 (PDT)","stringValue":"\n\t\t\t\t\t\t            \"That we can tackle your ENTIRE backyard makeover including pool, pool house, retaining walls, landscape, and hardscape using concrete, pavers, and natural stone\"\n\t\t\t\t\t\t        ","webpage":"index-copy.html"},"list20":{"timeSaved":"Fri Oct 09 2015 22:59:38 GMT-0700 (PDT)","stringValue":"Features and Benefits","webpage":"index-copy.html"},"list21":{"timeSaved":"Fri Oct 09 2015 22:59:38 GMT-0700 (PDT)","stringValue":"How it Works (coming soon)","webpage":"index-copy.html"},"list22":{"timeSaved":"Fri Oct 09 2015 22:59:38 GMT-0700 (PDT)","stringValue":"FAQ","webpage":"index-copy.html"},"list23":{"timeSaved":"Fri Oct 09 2015 22:59:38 GMT-0700 (PDT)","stringValue":"Single Story Homes","webpage":"index-copy.html"},"list24":{"timeSaved":"Fri Oct 09 2015 22:59:38 GMT-0700 (PDT)","stringValue":"Guest Houses \/ Extended Family Units","webpage":"index-copy.html"},"list25":{"timeSaved":"Fri Oct 09 2015 22:59:38 GMT-0700 (PDT)","stringValue":"Rental Units","webpage":"index-copy.html"},"list26":{"timeSaved":"Fri Oct 09 2015 22:59:38 GMT-0700 (PDT)","stringValue":"Garages","webpage":"index-copy.html"},"list27":{"timeSaved":"Fri Oct 09 2015 22:59:38 GMT-0700 (PDT)","stringValue":"Office, Workshop, Studio","webpage":"index-copy.html"},"list28":{"timeSaved":"Fri Oct 09 2015 22:59:38 GMT-0700 (PDT)","stringValue":"Pool Houses","webpage":"index-copy.html"},"list29":{"timeSaved":"Fri Oct 09 2015 22:59:38 GMT-0700 (PDT)","stringValue":"Homeowners","webpage":"index-copy.html"},"list30":{"timeSaved":"Fri Oct 09 2015 22:59:38 GMT-0700 (PDT)","stringValue":"Architects","webpage":"index-copy.html"},"list31":{"timeSaved":"Fri Oct 09 2015 22:59:38 GMT-0700 (PDT)","stringValue":"Builders","webpage":"index-copy.html"},"list32":{"timeSaved":"Fri Oct 09 2015 22:59:38 GMT-0700 (PDT)","stringValue":"Our Vision","webpage":"index-copy.html"},"list33":{"timeSaved":"Fri Oct 09 2015 22:59:38 GMT-0700 (PDT)","stringValue":"About Us","webpage":"index-copy.html"},"list34":{"timeSaved":"Fri Oct 09 2015 22:59:38 GMT-0700 (PDT)","stringValue":"Sustainable Engineering","webpage":"index-copy.html"}}}]