{"par0":{"timeSaved":"Mon Dec 14 2015 14:34:18 GMT-0800 (PST)","stringValue":"El Sollars Home is a new option in the housing market, and we are looking for projects to bid as the General Contractor (GC). If your Client is interested in exploring the option of a concrete home instead of a wooden home, we can give you budgetary numbers based upon your architectural designs and a set of specifications for the finish items. We can work with your structural engineer to provide \u201cvalue engineering\u201d, or we can provide the structural plans stamped by a licensed structural engineer.","webpage":"architects.html"},"par1":{"timeSaved":"Mon Dec 14 2015 14:34:18 GMT-0800 (PST)","stringValue":"","webpage":"architects.html"},"par2":{"timeSaved":"Mon Dec 14 2015 14:34:18 GMT-0800 (PST)","stringValue":"Even if you have a structural design already, in many instances, we can include the cost of the structural engineering in our bid and still be cost competitive while preserving the benefits a concrete home offers over a wooden home.","webpage":"architects.html"},"par3":{"timeSaved":"Mon Dec 14 2015 14:34:18 GMT-0800 (PST)","stringValue":"You may also want to consider one of the 30 or so pre-designed, pre-engineered Sollars Home buildings for your projects that have outbuildings.  Our smaller buildings can be customized to harmonize with the design of the main structure\/s or can be modified for a special purpose. One of the strengths of the Sollars Home is that the interior walls are non-bearing, so they can be moved around at will. The use of a small Sollars Home building can improve a project\u2019s schedule while offering high value for the money to your Client. We can work with you to do these modifications, or we can provide the blueprints and you can customize the buildings for yourself.","webpage":"architects.html"},"par4":{"timeSaved":"Mon Dec 14 2015 14:34:18 GMT-0800 (PST)","stringValue":"Sollars Home truly respects the unyielding power of Mother Nature. Therefore, we have engineered extremely safe buildings that are resistant against the forces of nature (earthquakes, fire, flood, wind, mold, termites, and more).","webpage":"architects.html"},"par5":{"timeSaved":"Mon Dec 14 2015 14:34:18 GMT-0800 (PST)","stringValue":"Concrete is a material proven to stand the test of time and we are proud to be a company committed to improving the health of our planet through sustainable practices.","webpage":"architects.html"},"par6":{"timeSaved":"Mon Dec 14 2015 14:34:18 GMT-0800 (PST)","stringValue":"#SOLID Branding | Marketing | Designs","webpage":"architects.html"},"header0":{"timeSaved":"Mon Dec 14 2015 14:34:18 GMT-0800 (PST)","stringValue":"ARCHITECTS","webpage":"architects.html"},"header1":{"timeSaved":"Mon Dec 14 2015 14:34:18 GMT-0800 (PST)","stringValue":"We can work with you in the role of the General Contractor to complete your custom designed project for your client. We also offer a library of pre-designed models, that can be customized, to serve as outbuildings in your larger project.","webpage":"architects.html"},"header2":{"timeSaved":"Mon Dec 14 2015 14:34:18 GMT-0800 (PST)","stringValue":"SCHEDULE A FREE CONSULTATION","webpage":"architects.html"},"header3":{"timeSaved":"Mon Dec 14 2015 14:34:18 GMT-0800 (PST)","stringValue":"Architects","webpage":"architects.html"},"header4":{"timeSaved":"Mon Dec 14 2015 14:34:18 GMT-0800 (PST)","stringValue":"A Sollars Home is cost competitive for all projects but can be especially cost effective in the following project types:","webpage":"architects.html"},"header5":{"timeSaved":"Mon Dec 14 2015 14:34:18 GMT-0800 (PST)","stringValue":"Don Sollars","webpage":"architects.html"},"header6":{"timeSaved":"Mon Dec 14 2015 14:34:18 GMT-0800 (PST)","stringValue":"CEO & Founder","webpage":"architects.html"},"header7":{"timeSaved":"Mon Dec 14 2015 14:34:18 GMT-0800 (PST)","stringValue":"CONTACT US","webpage":"architects.html"},"header8":{"timeSaved":"Mon Dec 14 2015 14:34:18 GMT-0800 (PST)","stringValue":"PATENTED TECHNOLOGY","webpage":"architects.html"},"header9":{"timeSaved":"Mon Dec 14 2015 14:34:18 GMT-0800 (PST)","stringValue":"PRE-DESIGNED MODELS","webpage":"architects.html"},"header10":{"timeSaved":"Mon Dec 14 2015 14:34:18 GMT-0800 (PST)","stringValue":"WHO WE SERVE","webpage":"architects.html"},"header11":{"timeSaved":"Mon Dec 14 2015 14:34:18 GMT-0800 (PST)","stringValue":"COMPANY","webpage":"architects.html"},"header12":{"timeSaved":"Mon Dec 14 2015 14:34:18 GMT-0800 (PST)","stringValue":"\u00a9 SOLLARS HOME\u2122 2015","webpage":"architects.html"},"list0":{"timeSaved":"Mon Dec 14 2015 14:34:18 GMT-0800 (PST)","stringValue":"Some or all of the structure must be inset into a hill","webpage":"architects.html"},"list1":{"timeSaved":"Mon Dec 14 2015 14:34:18 GMT-0800 (PST)","stringValue":"Single or two story commercial shells where concrete fire walls can be used","webpage":"architects.html"},"list2":{"timeSaved":"Mon Dec 14 2015 14:34:18 GMT-0800 (PST)","stringValue":"The project has a high content of \u201carchitectural concrete\u201d","webpage":"architects.html"},"list3":{"timeSaved":"Mon Dec 14 2015 14:34:18 GMT-0800 (PST)","stringValue":"Single story \u201ctilt-up\u201d structures","webpage":"architects.html"},"list4":{"timeSaved":"Mon Dec 14 2015 14:34:18 GMT-0800 (PST)","stringValue":"The design requires a large amount of structural steel to implement (i.e. moment frames, long spans, etc)","webpage":"architects.html"},"list5":{"timeSaved":"Mon Dec 14 2015 14:34:18 GMT-0800 (PST)","stringValue":"The project has rigorous structural requirements","webpage":"architects.html"},"list6":{"timeSaved":"Mon Dec 14 2015 14:34:18 GMT-0800 (PST)","stringValue":"The project has a basement","webpage":"architects.html"},"list7":{"timeSaved":"Mon Dec 14 2015 14:34:18 GMT-0800 (PST)","stringValue":"The project has a substantial amount of site concrete (retaining walls, pool, decks, etc)","webpage":"architects.html"},"list8":{"timeSaved":"Mon Dec 14 2015 14:34:18 GMT-0800 (PST)","stringValue":"Features and Benefits","webpage":"architects.html"},"list9":{"timeSaved":"Mon Dec 14 2015 14:34:18 GMT-0800 (PST)","stringValue":"How it Works (coming soon)","webpage":"architects.html"},"list10":{"timeSaved":"Mon Dec 14 2015 14:34:18 GMT-0800 (PST)","stringValue":"FAQ","webpage":"architects.html"},"list11":{"timeSaved":"Mon Dec 14 2015 14:34:18 GMT-0800 (PST)","stringValue":"Single Story Homes","webpage":"architects.html"},"list12":{"timeSaved":"Mon Dec 14 2015 14:34:18 GMT-0800 (PST)","stringValue":"Guest Houses \/ Extended Family Units","webpage":"architects.html"},"list13":{"timeSaved":"Mon Dec 14 2015 14:34:18 GMT-0800 (PST)","stringValue":"Rental Units","webpage":"architects.html"},"list14":{"timeSaved":"Mon Dec 14 2015 14:34:18 GMT-0800 (PST)","stringValue":"Garages","webpage":"architects.html"},"list15":{"timeSaved":"Mon Dec 14 2015 14:34:18 GMT-0800 (PST)","stringValue":"Office, Workshop, Studio","webpage":"architects.html"},"list16":{"timeSaved":"Mon Dec 14 2015 14:34:18 GMT-0800 (PST)","stringValue":"Pool Houses","webpage":"architects.html"},"list17":{"timeSaved":"Mon Dec 14 2015 14:34:18 GMT-0800 (PST)","stringValue":"Homeowners","webpage":"architects.html"},"list18":{"timeSaved":"Mon Dec 14 2015 14:34:18 GMT-0800 (PST)","stringValue":"Architects","webpage":"architects.html"},"list19":{"timeSaved":"Mon Dec 14 2015 14:34:18 GMT-0800 (PST)","stringValue":"Builders","webpage":"architects.html"},"list20":{"timeSaved":"Mon Dec 14 2015 14:34:18 GMT-0800 (PST)","stringValue":"Our Vision","webpage":"architects.html"},"list21":{"timeSaved":"Mon Dec 14 2015 14:34:18 GMT-0800 (PST)","stringValue":"About Us","webpage":"architects.html"},"list22":{"timeSaved":"Mon Dec 14 2015 14:34:18 GMT-0800 (PST)","stringValue":"Sustainable Engineering","webpage":"architects.html"}}